period,category,budget_amount,currency,owner,review_rule,source,source_version
2026-08,staffing,"21,000.00",USD,operations,review_material_overage,finance-budget,budget-2026-08-v3
2026-08,supplies,"4,500.00",USD,operations,review_material_overage,finance-budget,budget-2026-08-v3
2026-08,marketing,"6,000.00",USD,marketing,review_material_overage,finance-budget,budget-2026-08-v3
2026-08,refunds,"1,300.00",USD,finance,review_all_pending_or_disputed,finance-budget,budget-2026-08-v3
2026-08,facilities,4200,USD,operations,review_material_overage,finance-budget,budget-2026-08-v3
2026-08,software,2600,USD,technology,review_material_overage,finance-budget,budget-2026-08-v3
2026-08,utilities,1800,USD,operations,review_material_overage,finance-budget,budget-2026-08-v3
2026-08,training,1500,USD,operations,review_material_overage,finance-budget,budget-2026-08-v3
2026-08,insurance,3000,USD,finance,review_material_overage,finance-budget,budget-2026-08-v3
2026-08,professional-services,2500,USD,finance,review_material_overage,finance-budget,budget-2026-08-v3